{
    "loss": 1.4733668565750122,
    "accuracy": 0.7450980544090271
}