{
    "loss": 15.370137214660645,
    "accuracy": 0.4313725531101227
}